{
  "name": "DSSS",
  "time": 9.141326904296875,
  "time per frame": 0.09141326904296875,
  "psnr": 31.232353604835957,
  "ssim": 0.7612967830968804,
  "correlation": 0.8147112023830414,
  "attack": {
    "noise": {
      "psnr": 9.569799843326082,
      "ssim": 0.14000714550338209,
      "correlation": 0.04327701558048527
    },
    "brightness": {
      "psnr": 14.073799548470594,
      "ssim": 0.7999004926536888,
      "correlation": 0.6205054056644442
    },
    "contrast": {
      "psnr": 15.080614607398513,
      "ssim": 0.8156616575781339,
      "correlation": 0.6393152273694674
    },
    "rotation": {
      "psnr": 17.640400006675453,
      "ssim": 0.2771738842121532,
      "correlation": -5.290001196878318e-05
    },
    "compression": {
      "psnr": 29.257280158669822,
      "ssim": 0.7794034651907619,
      "correlation": 0.21155480141441038
    }
  },
  "signature": [
    {
      "name": "RSA-2048 - SHA-256",
      "value": "b\"N\\x04X\\xb3\\xb7\\xe9`M]\\x10Y\\x0e\\xcc\\x89\\x8d\\xb2G\\xc7\\xca\\xc5\\xeb7\\x80\\x8eP,\\xad\\x80\\xe2j\\xda\\x00\\x990\\xd5b=\\xef\\x00}\\xd7\\xb5[\\xd0\\xda\\xa5R\\xe8=\\xafk\\xf9\\xe6-\\xb9\\x08\\x95\\xfd#\\xd9\\x12at=\\xf7\\x0b\\xb7\\xd4\\xe1\\x85u\\x96\\x84\\x80L\\xe6B\\x98\\x8a\\xf2\\x98R\\xa3\\x08\\xd9\\xfe\\x92\\x0c\\x95\\xdfI\\xb6jHP\\xf9\\xdc\\x13\\n>\\xd1\\xe7\\xed\\x7f\\x1d\\xb1\\x8f\\xd1Z\\xe3\\x87\\x07\\x9f\\x17\\x14\\x9e\\x01\\x90\\xb1\\xca\\x84\\x90\\xc7\\x1a-\\x82Y\\xe2\\xa4/\\x06\\xa0H\\xaa\\x1a|u\\x0f\\x837ld=z\\xaa\\xf6*\\x86\\x05\\x1b'\\xe7\\xb8\\xc1\\xe8\\xb3G)\\xc1]\\x80\\xd1\\xc6Q;\\xd4\\x9f&\\xda\\x816\\x99\\x06\\xd0_N\\x11-\\xca\\xa4\\xd8$\\x86cz\\xbb\\xc8v>\\xe7%\\xd2\\x0b\\x15\\xfb\\xd7\\x1c\\xba\\x8c\\x11.\\xbe\\x0e\\xb1\\xf2\\x81\\xdd\\xf2w\\xb0\\x9d\\x07/~\\xb77\\n\\xda\\xfc\\x05\\x12K\\x159\\x11\\xe8/M\\x17/> \\x9d\\xf4$W\\x08\\x91\\xe0\\xcd\\xe9!\\xab&*\\x7f\\x83\\xe7\\xda\\xeb\\x83Iy\\xef\\x1d|\"",
      "hash": "f3f01211b20e07a5f799039b69a07d4015a49c16a3077dbbb2af8a2ab8d875da",
      "time": 0.06808042526245117
    },
    {
      "name": "RSA-2048 - SHA-3",
      "value": "b\"\\x05\\xa5c\\xb1(\\x7fO\\xc3s\\x15\\xe1C-:\\xf6\\x92\\xbaG\\xefY-\\x15\\xfb\\xdd\\x13\\x14A\\x9c.cyn\\xecqO[+\\xa65\\xbf\\xaeU\\xe5\\x10\\x10V\\xe1\\x1a\\xe2!7\\xcc\\x7f\\x9c\\x8c\\xaa\\x86\\\\\\xc0\\x9a;[2\\xaa\\xd3\\xd4W\\x83\\xae\\x85\\xe6]\\xd2\\xbd=\\xb8\\x16\\x83\\xf1\\xb3N\\x90\\xfeN\\xd7\\x96\\xc5\\xcd\\xdf#v\\xdd*j&\\x9d,*\\xcenL\\x01\\x84\\x9e\\xa3\\xfd\\xa2JO\\x82\\xadB?u\\xd0x\\xa6\\x07\\x93\\td\\xd3\\xb6\\xc0\\xa9\\xfappB\\xd3FC\\xb0\\x1b\\xe5\\xca-C\\x8c\\xd5n\\x85q(R\\xe0\\x7f\\n\\xf3\\x84\\xfe\\xd6\\x10}6\\xfb'7k\\x8f\\xf8\\xc6\\x9c(\\xb6tg\\x9bq\\xd8L\\xf4\\t\\xd0v=Z\\xc5i\\xa0H\\xe2c3\\xf6\\x17Q\\xdc`@\\xe2\\xf8\\xcc\\xb2\\x18\\x0c\\xba\\xbf\\xe9\\xa9N/\\x88p\\xc1\\xbc\\xa7\\xa3t\\xc3\\x90\\xbem\\xaeP\\xbd\\xcfY\\xe9+\\xd3\\x89\\xdf\\xb5\\xe4!M\\xad\\xfc\\x06$\\x05#\\x8d\\x07\\x9d\\xaf\\x91'\\xcd\\x9f#V\\xe8\\xa3\\x15E\\xf9\\xea^y\\x04\\xa4\\xc2\\xc3}\"",
      "hash": "dcbbfa8444d2e54d32497d6161b12060c6156e77c4e0ef26b03dbb7b3b596c95",
      "time": 0.12919974327087402
    }
  ]
}
