{
  "name": "DSSS",
  "time": 7.519080638885498,
  "time per frame": 0.07519080638885497,
  "psnr": 28.135246203441756,
  "ssim": 0.6346975863915112,
  "correlation": 0.8729442449410756,
  "attack": {
    "noise": {
      "psnr": 9.557247439037683,
      "ssim": 0.14345310854169765,
      "correlation": 0.07166946439693372
    },
    "brightness": {
      "psnr": 14.08225679011622,
      "ssim": 0.8048133427545389,
      "correlation": 0.7542249547441803
    },
    "contrast": {
      "psnr": 15.074212341072478,
      "ssim": 0.8276782088866814,
      "correlation": 0.7797839993238449
    },
    "rotation": {
      "psnr": 17.370746097018316,
      "ssim": 0.199401833525444,
      "correlation": 8.991288559324554e-05
    },
    "compression": {
      "psnr": 27.671430583939838,
      "ssim": 0.7357365106039336,
      "correlation": 0.3362735138336817
    }
  },
  "signature": [
    {
      "name": "RSA-2048 - SHA-256",
      "value": "b\"\\x8e\\x8f\\x10\\xf4\\xcd\\xe9zq\\x15\\xf0-\\xa2\\xb2;\\xb7^\\x8f\\x81\\x07\\x9b`\\x17W\\xe3iZ\\x00\\xbd\\xfa~v\\x11\\xe5\\x81\\x0f\\xbc\\xa0d\\xbb\\x18\\xe6\\x89\\xa9j\\x1cw\\xde\\x99\\x04 \\x14%\\xd6\\x95;N\\xe2\\xe6~K\\x8d\\xa7 \\xa8?dh\\xdd\\xcc\\xfc0o\\xbd\\xdczM\\xaaOXh\\x8f\\xbf\\x83\\xfe\\xec\\x19\\xd7\\xcb\\xfa\\x19\\xc6\\x02\\t\\x0b\\xeb\\xa8_\\xe7\\xe4\\xd2Y\\xf3\\xa0@C\\xad\\xd7y\\x8dc\\xef\\xa6$`\\x00\\x08'\\xf3\\xb9\\xd2\\xee\\x96aShq\\xd6\\xf7d\\xc6v\\x17bF\\xe6\\x10/V\\x8c\\xab$1|\\x9c\\x1f{\\xb6\\x93\\x91T\\xe9\\xb9\\xd6\\xa3\\xd7\\xdb\\xc0g5\\xc32P\\x10\\xdd`\\xe2\\xe2\\x91\\xd9Dbt\\x8c7#\\xff\\xb0\\x944\\xc3\\x95\\x8c\\xf6\\x1e\\xe45\\x8f\\xa9\\x14\\xb5\\x9c\\xea\\x91\\xab\\xc2\\x88j|m\\x196\\x01\\x9cX\\xf3\\xe2*^\\xe9\\xa2\\x00\\xb4Pd\\xd4\\x17\\xab\\x90\\xe8\\xf0\\xc7\\xfa\\xd1\\xc9\\xfd\\xe9\\x1a\\x84\\xf8\\xea;\\xa8S\\x88\\xd1\\x95Z\\xecLK\\x866Cn\\x022\\xf1\\x13\\x1eCt\\xab\\xe8\\xdchE\"",
      "hash": "b24ab887ca75087b225bfcd171e45920ae20bbd16ce4564ccb69b5dc4f4b148c",
      "time": 0.041214704513549805
    },
    {
      "name": "RSA-2048 - SHA-3",
      "value": "b\"}\\x97\\xd7\\xbf\\xd4\\x92\\x83\\xcf-\\xea\\xae$\\x1f\\xf54h,l3\\xd3\\xfd\\xfe\\xdd<\\x98\\x9d\\x1c\\xc8\\xc8\\x96L\\x82\\xf6;\\xdd\\x00\\x03K\\xa9O\\x92\\xdez\\xc0.9\\x0e{\\xcd\\xef\\xd8lx~^N_\\xa8\\xc8\\xfb\\x14\\xca\\xcf\\xc2\\xca\\xf6{j\\x9c\\xfer\\xa9\\xfdl_\\x97\\xafOF\\x9aU\\xfe\\x9dQ\\xb4\\xd7Kw\\x15\\x1f\\xf9^\\xff\\x14'E\\x8e\\x91\\xf3G\\xa30\\xea0:\\xe4\\x0b\\xd4\\xa7,*\\xe6K\\xddl\\x89\\xbf\\x1bv\\xffy1/\\xdf\\xd1\\x9c\\xa2p\\x8f\\xe6Sk\\xb0\\x85\\x8a\\x9a\\xf1Yu\\x93R~/w\\x02V\\xdb>\\x9d},\\x94\\r\\xbd\\x8f\\xaa/\\x91\\xf4|H\\xe4\\xc5\\x12z\\x81\\x96\\xcc\\xb7\\xf5\\x94\\xaa\\xae\\xef?\\x08-`>W\\x89\\x9c\\xf9\\x0e>y\\x88\\x13v\\xa0S\\x00\\xf0U\\t\\x80\\xa3\\x8f\\xe3\\x1eE\\x02'\\x94O\\r+0\\xf2m\\n\\xb1\\xf6\\xa4\\x83\\xb7>\\xf8\\x90\\\\62G$r\\x82\\xaaW\\xef\\xa2\\xea\\xbcae\\xab\\xe5\\xc4\\x8f\\x8br=\\x16hL\\x92\\x0c\\xcfu\\x8eO\\nPK\\xe0\\x9f\\xbc\"",
      "hash": "6d2b170a6d85217331807b996d6dc5f372009a6a1c34df3bdf81eb1fa74b3c8f",
      "time": 0.09086251258850098
    }
  ]
}