{
  "name": "DCT",
  "time": 25.926602125167847,
  "time per frame": 0.25926602125167847,
  "psnr": 49.77742026721763,
  "ssim": 0.9994387161155056,
  "nc": 0.8917016015641562,
  "ber": 0.34640354134516466,
  "attack": {
    "noise": {
      "psnr": 9.615451511888399,
      "ssim": 0.15256980562986505,
      "nc": 0.008931566260746851,
      "ber": 0.500298243995949
    },
    "brightness": {
      "psnr": 14.069072890826442,
      "ssim": 0.8659881243180725,
      "nc": -0.0111779250467056,
      "ber": 0.5033293613763503
    },
    "contrast": {
      "psnr": 15.116735147950893,
      "ssim": 0.8677662762454271,
      "nc": -0.018227740288218705,
      "ber": 0.5014745631590791
    },
    "rotation": {
      "psnr": 17.884668679899946,
      "ssim": 0.442735076691244,
      "nc": 0.00790601276002554,
      "ber": 0.49760887566711676
    },
    "compression": {
      "psnr": 32.46779626031086,
      "ssim": 0.9473889576333282,
      "nc": -0.034475237636610485,
      "ber": 0.5100485721289866
    }
  },
  "signature": [
    {
      "name": "RSA-2048 - SHA-256",
      "value": "b\"!m\\xdb\\xe6\\x00_[\\xadl5\\xfd!\\xacgRR\\xb7|\\xaa\\xd7\\x80j\\xdadQ\\x94\\xccV\\xab\\xc9P\\xff\\x9c\\n\\xeek\\xb2\\xa2\\x81\\xb3N\\xb5\\xeehzdE\\xb6f\\x89\\xc7\\xd2\\xca\\x0e\\xd0@\\xe5A\\xdd\\x8a\\xf0\\xf4\\xa7\\xd9\\xb6\\x13l\\xdby\\x05\\xdc\\xa5\\xa4\\x1d\\x13\\x8f\\xfa\\xac\\xcb\\x80K\\xbf\\xcc;\\xea\\xeb\\xddJ\\x08|\\x9f\\xa9\\xaef\\xae\\xbe\\xe5\\x98\\xbc\\xbb4\\xb8\\xd5Y\\xc1\\t\\x99\\xbdY\\x84*\\xaf[U\\x06\\xe7\\xad\\xdf\\xf7\\xe2G\\xdab\\xacZO\\xfd\\xa3\\xf4;\\xde\\xf9\\xd99dS\\x1dvT\\xce;\\x84u\\x01\\xa5\\xaa\\xce/\\xc0\\xdd\\xfcN\\x1ey\\x85K\\xfa\\x02\\x85[\\x92\\xc9\\x95\\x92P\\xf3Ok!\\x89\\xba~6\\xa4nR\\xfd\\x13\\x9a0x'\\x1c\\xb3T5:\\x9dwy\\xbd\\x1ag\\xddA\\x1a\\xebM\\r\\xe7\\xaf:\\x83\\xf5\\x92|\\x96\\tk%Vw\\xb8i\\xcd\\xcc*\\xa7McS\\x0b\\xebv\\xe1\\xf5_ao\\xd6\\xcf\\x94\\xe3\\xcf\\xd0\\xb7J_\\xebX\\xc4\\xd5\\xa36\\xd9\\xff\\x9e\\x94\\xc6'\\xbb\\xf6`j\\xf9&\"",
      "hash": "f5cda198d1522b2341d5c5785c41f926799cd6bb55e9f345f0e2b051e3442f50",
      "time": 0.016544342041015625
    },
    {
      "name": "RSA-2048 - SHA-3",
      "value": "b\"\\x07\\xb8\\xdf\\xcc\\xc0\\x0c\\x0b\\xfb\\xb5~J\\xf9\\xac#\\xff\\xc9n\\x9f\\x0e\\xc1\\xe2\\xba\\xfe2\\xd6 \\xbb[A\\xea\\xdez\\x04\\xcbm\\xb7\\xc3\\xa0\\xa9$j\\x08\\xe9*\\xf0I\\xebZzRZ\\xc4\\xe5\\xf0 \\xbeG\\xc7-sh\\xa2\\xca\\x18M\\xb0\\x08D\\x9f\\xcb\\x85D\\xe5\\x84\\xc3/\\xd2l)\\x1d\\x9cZ\\x06\\xbf\\xb3\\xf8\\xc4\\xc7\\xa4\\x95A\\xf5\\xb9s3\\x9f\\xd7a\\xab\\xf5\\xae3\\x85\\xb47[\\xff\\xc5\\x98\\xde\\xf8@\\xe5\\x05}\\xb4f\\xf5\\xf2\\xd8\\x85\\x9c\\x94;\\x13\\x07/\\x1a\\xbev'\\xca\\xf5O\\x01h\\xa9=C:s\\xaf\\x85\\xe7\\x0b\\x91!\\xaaa\\x08\\x97e\\xe7t2\\xc3\\x04\\xe38\\x84G\\x14}\\x1d\\xc2\\x1e\\x92r\\x1c\\xa3+9\\xd5\\xe3%Y_\\xd0T'\\xad\\xda\\xf9\\x87\\x90\\x05\\x8e\\xb2\\x17}|\\xf8\\x7f\\x04m4\\xc1\\xf5w\\x18\\xce\\xb3\\x0c\\x83\\xf7\\xfd\\x00I\\xd4^\\x12\\x06\\xa6i\\x81\\xbc\\x1b\\x02!7\\x8b\\xf4\\x13\\x12\\xe5h\\t\\x93\\x9fq\\x8f\\xea\\xa4\\x90J\\x91\\xb4sn\\x9a\\xc4mQ\\x8cO\\x19\\x11\\xe4\\nO\\xe1\\xed\\xc0\\xd6\\xb5T\"",
      "hash": "73f6875993c4139ef2bf3f80185f634f39c18bf8e78b3b8dfdd3a0f56ba23f4e",
      "time": 0.027022123336791992
    }
  ]
}