{
  "name": "DWT",
  "time": 34.1141791343689,
  "time per frame": 0.34114179134368894,
  "psnr": 34.00763524528955,
  "ssim": 0.994736440665404,
  "nc": 0.9959021817667499,
  "ber": 0.27736314601819706,
  "attack": {
    "noise": {
      "psnr": 9.807683391297275,
      "ssim": 0.1592134649033653,
      "nc": 0.006609011968756957,
      "ber": 0.5052329065393518
    },
    "brightness": {
      "psnr": 13.900556843117311,
      "ssim": 0.8622063910967506,
      "nc": 0.022314303348519356,
      "ber": 0.499421719071502
    },
    "contrast": {
      "psnr": 15.13398290202935,
      "ssim": 0.874420145734937,
      "nc": -0.062298873727101495,
      "ber": 0.5189509665155607
    },
    "rotation": {
      "psnr": 17.815008655991974,
      "ssim": 0.44457660483822836,
      "nc": -0.00987973634426289,
      "ber": 0.5073797007619598
    },
    "compression": {
      "psnr": 32.42140068160608,
      "ssim": 0.9478854003843962,
      "nc": -0.08775226585505953,
      "ber": 0.5362128020109956
    }
  },
  "signature": [
    {
      "name": "RSA-2048 - SHA-256",
      "value": "b'g\\xce6\\x0b\\r\\xac\\x0e(%\\xd5\\x978m<\\xb2\\xa9b\\xc6w \\x91\\n\\xe7\\xe0y\\xd9GH\\x16\\x0b\\xe7R\\xf3!\\x1aC\\xd8\\xf4<\\xb5\"K\\xb9\\xd4U\\xe9SI\\xe3\\x8592\\x83a\\xa3\\xeb\\xf9\\x99#\\xda\\xee5\\x04\\xe2\\xe5\\xc6\\xa6\\xb52qt\\x1d\\xe7\"\\xa3\\xc6\\xfe(a\\x196\\xbd(%A\\xa4\\xcc\\xb2\\x86h\\x87\\xf4c\\xb3\\x03\\xb0X\\xa4\\xcd_\\xae\"Z\\xa2)\\x9712v\\xf3\\xcc\\xa4\\x0e\\x16\\xc6\\xa0~\\x98o\\x02=-\\x96\\xd1\\x8c\\xa9j8\\x90j\\x9a\\x1c\\x9a@\\xc3\\x10\\xd3\\xadA\\xcc\\xa2K}\\xe6\\xf0\\xd7\\xae\\x1dP\\xea\\xfdly{\\xaf\\xc4\\xfa\\x1a\\x16\\x13\\x97\\xf1\\xf4\\x961\\x19y\\\\\\xfa\\xbf\\xc8\\xd6[\\xe4y\\x10\\x95]\\x80P\\xec!\\xb2R\\xab\\xde\\xc3/Y\\xbc:#Ow\\xce\\xa5t\\x8b\\x13g\\x84\\xe8)=\\xcf\\x81\\x05\\xfa\\xdf\\x96\\x8b!\\xb3v<\\x1bDc\\xe2\\xa2y\\xa6\\x92\\xe7\\xc0\\xb7:\\xb1+\\xf1\\x93\\x16\\xb6\\x04\\x8f\\xc5\\xf9\\x7f+\\xf7G\\x86%\\x0e\\xd1\\xf6\\xcd[\\x036+\\x07\\x9c\\xd2\\\\G'",
      "hash": "61b3707118c63ef5adce7cc0d588065bbb7ae019012fc3d324a18f990be4d69b",
      "time": 0.01605820655822754
    },
    {
      "name": "RSA-2048 - SHA-3",
      "value": "b\"zDy\\xbd!)\\xf0\\xe4\\x0e\\xd2\\x8aL\\x83s\\xbb\\xa4*\\xee\\x0f\\x81}\\x8dPw\\x1c\\x93\\x01c\\x17\\xdd\\xa652Q\\x00\\x17y\\x98\\x11\\xab\\x1b>\\x0e\\xba\\xa5\\x91f\\xee\\n\\xf9\\x99\\xf6\\x10\\xf4l`\\xe5F\\x84[\\x8aK\\x9a\\x1d*\\x90\\x9a\\xc3\\x16\\xe7\\xbf\\x8b\\xa5\\x93\\xa9\\xdc\\x99D^\\x89\\xb4\\x98)2\\x16\\x1d\\xcb\\xf2I\\x82\\x96k\\xe5\\x1buV\\xa6\\xe8\\xb5\\xc3\\xce\\x9f\\xd5\\x84\\x9b\\xf3,\\xb2<\\xa8\\xe8&$B\\xa7S)\\xae\\xa0\\xc3\\x8c\\x8f>\\xc7\\xfd\\xe9RI\\x19\\xf4\\xbbFTm\\x9d\\xe77\\x9fH\\xf5\\xb1\\xc9F\\xd1\\xc5i\\xff5\\xe1ml?Ok\\x9663B\\xe2\\x8b\\x06P\\x85\\xf76~(\\xe7\\xc9\\x00w6]\\x80\\x96\\x06\\x9e\\xd4\\xd5={R\\xb9nD\\xcc\\xc5Vsn\\x96\\x1c@J\\x04\\xce\\x82\\xb6l\\x89\\x10=\\x0b\\x86\\xd9\\x9d\\xe2X\\x1b\\xb7\\x1d\\xf8}\\x14\\xb0\\xac\\xee\\xdd]o'\\xbd\\xacde\\xf0\\x92\\xd4o\\x17\\xf5\\xaf~\\xab\\xff\\xbc\\xc5\\xd0\\xfb\\xfajA\\x0c`2\\xe4d;\\xe8_\\xab\\t\\xa1\\xafnn\"",
      "hash": "de2640ae22bb91bbabea4e5d181b1caaae9d9c7b0a864799b003b5ac10bc4f8c",
      "time": 0.029541730880737305
    }
  ]
}